,LINK,sector,name,code
1,http://www.moneycontrol.com/india/stockpricequote/diversified/3mindia/MI42,3mindia,MI42,diversified
2,http://www.moneycontrol.com/india/stockpricequote/computerssoftware/8kmilessoftwareservices/PMS01,8kmilessoftwareservices,PMS01,computerssoftware
3,http://www.moneycontrol.com/india/stockpricequote/chemicals/aartiindustries/AI45,aartiindustries,AI45,chemicals
4,http://www.moneycontrol.com/india/stockpricequote/oildrillingandexploration/abanoffshore/AO04,abanoffshore,AO04,oildrillingandexploration
5,http://www.moneycontrol.com/india/stockpricequote/infrastructuregeneral/abbindia/ABB,abbindia,ABB,infrastructuregeneral
6,http://www.moneycontrol.com/india/stockpricequote/pharmaceuticals/abbottindia/AI51,abbottindia,AI51,pharmaceuticals
7,http://www.moneycontrol.com/india/stockpricequote/cementmajor/acc/ACC06,acc,ACC06,cementmajor
8,http://www.moneycontrol.com/india/stockpricequote/trading/adanienterprises/AE13,adanienterprises,AE13,trading
9,http://www.moneycontrol.com/india/stockpricequote/infrastructuregeneral/adaniportsspecialeconomiczone/MPS,adaniportsspecialeconomiczone,MPS,infrastructuregeneral
10,http://www.moneycontrol.com/india/stockpricequote/powergenerationdistribution/adanipower/AP11,adanipower,AP11,powergenerationdistribution
11,http://www.moneycontrol.com/india/stockpricequote/powertransmissionequipment/adanitransmission/AT22,adanitransmission,AT22,powertransmissionequipment
12,http://www.moneycontrol.com/india/stockpricequote/retail/adityabirlafashionretail/PFR,adityabirlafashionretail,PFR,retail
13,http://www.moneycontrol.com/india/stockpricequote/pharmaceuticals/advancedenzymetechnologies/AET,advancedenzymetechnologies,AET,pharmaceuticals
14,http://www.moneycontrol.com/india/stockpricequote/transportlogistics/aegislogistics/AL9,aegislogistics,AL9,transportlogistics
15,http://www.moneycontrol.com/india/stockpricequote/castingsforgings/aiaengineering/AIE01,aiaengineering,AIE01,castingsforgings
16,http://www.moneycontrol.com/india/stockpricequote/pharmaceuticals/ajantapharma/AP22,ajantapharma,AP22,pharmaceuticals
17,http://www.moneycontrol.com/india/stockpricequote/paintsvarnishes/akzonobelindia/ICI,akzonobelindia,ICI,paintsvarnishes
18,http://www.moneycontrol.com/india/stockpricequote/pharmaceuticals/alembicpharmaceuticals/AP35,alembicpharmaceuticals,AP35,pharmaceuticals
19,http://www.moneycontrol.com/india/stockpricequote/pharmaceuticals/alkemlaboratories/AL05,alkemlaboratories,AL05,pharmaceuticals
20,http://www.moneycontrol.com/india/stockpricequote/bankspublicsector/allahabadbank/AB15,allahabadbank,AB15,bankspublicsector
21,http://www.moneycontrol.com/india/stockpricequote/transportlogistics/allcargologistics/AGL02,allcargologistics,AGL02,transportlogistics
22,http://www.moneycontrol.com/india/stockpricequote/autoancillaries/amararajabatteries/ARB,amararajabatteries,ARB,autoancillaries
23,http://www.moneycontrol.com/india/stockpricequote/cementmajor/ambujacements/AC18,ambujacements,AC18,cementmajor
24,http://www.moneycontrol.com/india/stockpricequote/bankspublicsector/andhrabank/AB14,andhrabank,AB14,bankspublicsector
25,http://www.moneycontrol.com/india/stockpricequote/electricequipment/aparindustries/AI40,aparindustries,AI40,electricequipment
26,http://www.moneycontrol.com/india/stockpricequote/steeltubespipes/aplapollotubes/BT09,aplapollotubes,BT09,steeltubespipes
27,http://www.moneycontrol.com/india/stockpricequote/hospitalsmedicalservices/apollohospitalsenterprises/AHE,apollohospitalsenterprises,AHE,hospitalsmedicalservices
28,http://www.moneycontrol.com/india/stockpricequote/tyres/apollotyres/AT14,apollotyres,AT14,tyres
29,http://www.moneycontrol.com/india/stockpricequote/textilesdenim/arvind/A18,arvind,A18,textilesdenim
30,http://www.moneycontrol.com/india/stockpricequote/glassglassproducts/asahiindiaglass/AIG01,asahiindiaglass,AIG01,glassglassproducts
31,http://www.moneycontrol.com/india/stockpricequote/autolcvshcvs/ashokleyland/AL,ashokleyland,AL,autolcvshcvs
32,http://www.moneycontrol.com/india/stockpricequote/constructioncontractingcivil/ashokabuildcon/AB,ashokabuildcon,AB,constructioncontractingcivil
33,http://www.moneycontrol.com/india/stockpricequote/paintsvarnishes/asianpaints/AP31,asianpaints,AP31,paintsvarnishes
34,http://www.moneycontrol.com/india/stockpricequote/telecommunicationsequipment/astramicrowaveproducts/AMP01,astramicrowaveproducts,AMP01,telecommunicationsequipment
35,http://www.moneycontrol.com/india/stockpricequote/plastics/astralpolytechnik/APT02,astralpolytechnik,APT02,plastics
36,http://www.moneycontrol.com/india/stockpricequote/pharmaceuticals/astrazenecapharma/AZP,astrazenecapharma,AZP,pharmaceuticals
37,http://www.moneycontrol.com/india/stockpricequote/dyespigments/atul/A06,atul,A06,dyespigments
38,http://www.moneycontrol.com/india/stockpricequote/pharmaceuticals/aurobindopharma/AP,aurobindopharma,AP,pharmaceuticals
39,http://www.moneycontrol.com/india/stockpricequote/aquaculture/avantifeeds/AF21,avantifeeds,AF21,aquaculture
40,http://www.moneycontrol.com/india/stockpricequote/retail/avenuesupermarts/AS19,avenuesupermarts,AS19,retail
41,http://www.moneycontrol.com/india/stockpricequote/banksprivatesector/axisbank/AB16,axisbank,AB16,banksprivatesector
42,http://www.moneycontrol.com/india/stockpricequote/auto23wheelers/bajajauto/BA10,bajajauto,BA10,auto23wheelers
43,http://www.moneycontrol.com/india/stockpricequote/personalcare/bajajcorp/BC02,bajajcorp,BC02,personalcare
44,http://www.moneycontrol.com/india/stockpricequote/domesticappliances/bajajelectricals/BE,bajajelectricals,BE,domesticappliances
45,http://www.moneycontrol.com/india/stockpricequote/financeleasinghirepurchase/bajajfinance/BAF,bajajfinance,BAF,financeleasinghirepurchase
46,http://www.moneycontrol.com/india/stockpricequote/financeinvestments/bajajfinserv/BF04,bajajfinserv,BF04,financeinvestments
47,http://www.moneycontrol.com/india/stockpricequote/sugar/bajajhindusthan/BH06,bajajhindusthan,BH06,sugar
48,http://www.moneycontrol.com/india/stockpricequote/financeinvestments/bajajholdingsinvestment/BHI,bajajholdingsinvestment,BHI,financeinvestments
49,http://www.moneycontrol.com/india/stockpricequote/tyres/balkrishnaindustries/BI03,balkrishnaindustries,BI03,tyres
50,http://www.moneycontrol.com/india/stockpricequote/diversified/balmerlawriecompany/BLC,balmerlawriecompany,BLC,diversified
51,http://www.moneycontrol.com/india/stockpricequote/sugar/balrampurchinimills/BCM,balrampurchinimills,BCM,sugar
52,http://www.moneycontrol.com/india/stockpricequote/bankspublicsector/bankofbaroda/BOB,bankofbaroda,BOB,bankspublicsector
53,http://www.moneycontrol.com/india/stockpricequote/bankspublicsector/bankofindia/BOI,bankofindia,BOI,bankspublicsector
54,http://www.moneycontrol.com/india/stockpricequote/bankspublicsector/bankmaharashtra/BM05,bankmaharashtra,BM05,bankspublicsector
55,http://www.moneycontrol.com/india/stockpricequote/chemicals/basfindia/BAS,basfindia,BAS,chemicals
56,http://www.moneycontrol.com/india/stockpricequote/leatherproducts/bataindia/BI01,bataindia,BI01,leatherproducts
57,http://www.moneycontrol.com/india/stockpricequote/pesticidesagrochemicals/bayercropscience/BC12,bayercropscience,BC12,pesticidesagrochemicals
58,http://www.moneycontrol.com/india/stockpricequote/infrastructuregeneral/beml/BEM03,beml,BEM03,infrastructuregeneral
59,http://www.moneycontrol.com/india/stockpricequote/paintsvarnishes/bergerpaintsindia/BPI02,bergerpaintsindia,BPI02,paintsvarnishes
60,http://www.moneycontrol.com/india/stockpricequote/powergenerationdistribution/bfutilities/BFU,bfutilities,BFU,powergenerationdistribution
61,http://www.moneycontrol.com/india/stockpricequote/electricals/bharatelectronics/BE03,bharatelectronics,BE03,electricals
62,http://www.moneycontrol.com/india/stockpricequote/financegeneral/bharatfinancialinclusion/SM11,bharatfinancialinclusion,SM11,financegeneral
63,http://www.moneycontrol.com/india/stockpricequote/castingsforgings/bharatforge/BF03,bharatforge,BF03,castingsforgings
64,http://www.moneycontrol.com/india/stockpricequote/telecommunicationsservice/bhartiairtel/BA08,bhartiairtel,BA08,telecommunicationsservice
65,http://www.moneycontrol.com/india/stockpricequote/telecommunicationsequipment/bhartiinfratel/BI14,bhartiinfratel,BI14,telecommunicationsequipment
66,http://www.moneycontrol.com/india/stockpricequote/infrastructuregeneral/bharatheavyelectricals/BHE,bharatheavyelectricals,BHE,infrastructuregeneral
67,http://www.moneycontrol.com/india/stockpricequote/pharmaceuticals/biocon/BL03,biocon,BL03,pharmaceuticals
68,http://www.moneycontrol.com/india/stockpricequote/cementmajor/birlacorporation/BC07,birlacorporation,BC07,cementmajor
69,http://www.moneycontrol.com/india/stockpricequote/pharmaceuticals/blissgvspharma/BGV,blissgvspharma,BGV,pharmaceuticals
70,http://www.moneycontrol.com/india/stockpricequote/couriers/bluedartexpress/BDE,bluedartexpress,BDE,couriers
71,http://www.moneycontrol.com/india/stockpricequote/consumergoodswhitegoods/bluestar/BS,bluestar,BS,consumergoodswhitegoods
72,http://www.moneycontrol.com/india/stockpricequote/plantationsteacoffee/bombayburmahtradingcorporation/BBT,bombayburmahtradingcorporation,BBT,plantationsteacoffee
73,http://www.moneycontrol.com/india/stockpricequote/textilesprocessing/bombaydyeingmanufacturingcompany/BDM,bombaydyeingmanufacturingcompany,BDM,textilesprocessing
74,http://www.moneycontrol.com/india/stockpricequote/autoancillaries/bosch/B05,bosch,B05,autoancillaries
75,http://www.moneycontrol.com/india/stockpricequote/refineries/bharatpetroleumcorporation/BPC,bharatpetroleumcorporation,BPC,refineries
76,http://www.moneycontrol.com/india/stockpricequote/foodprocessing/britanniaindustries/BI,britanniaindustries,BI,foodprocessing
77,http://www.moneycontrol.com/india/stockpricequote/pharmaceuticals/cadilahealthcare/CHC,cadilahealthcare,CHC,pharmaceuticals
78,http://www.moneycontrol.com/india/stockpricequote/financehousing/canfinhomes/CFH,canfinhomes,CFH,financehousing
79,http://www.moneycontrol.com/india/stockpricequote/bankspublicsector/canarabank/CB06,canarabank,CB06,bankspublicsector
80,http://www.moneycontrol.com/india/stockpricequote/financegeneral/capitalfirst/FCH,capitalfirst,FCH,financegeneral
81,http://www.moneycontrol.com/india/stockpricequote/pharmaceuticals/caplinpointlaboratories/CPL,caplinpointlaboratories,CPL,pharmaceuticals
82,http://www.moneycontrol.com/india/stockpricequote/abrasives/carborundumuniversal/CU,carborundumuniversal,CU,abrasives
83,http://www.moneycontrol.com/india/stockpricequote/miscellaneous/creditanalysisresearch/CAR,creditanalysisresearch,CAR,miscellaneous
84,http://www.moneycontrol.com/india/stockpricequote/lubricants/castrolindia/CI01,castrolindia,CI01,lubricants
85,http://www.moneycontrol.com/india/stockpricequote/plantationsteacoffee/cclproductsindia/CC10,cclproductsindia,CC10,plantationsteacoffee
86,http://www.moneycontrol.com/india/stockpricequote/tyres/ceat/C07,ceat,C07,tyres
87,http://www.moneycontrol.com/india/stockpricequote/bankspublicsector/centralbankindia/CBO01,centralbankindia,CBO01,bankspublicsector
88,http://www.moneycontrol.com/india/stockpricequote/diversified/centurytextilesindustries/CTI,centurytextilesindustries,CTI,diversified
89,http://www.moneycontrol.com/india/stockpricequote/miscellaneous/centuryplyboards/CP9,centuryplyboards,CP9,miscellaneous
90,http://www.moneycontrol.com/india/stockpricequote/ceramicsgranite/cerasanitaryware/CS18,cerasanitaryware,CS18,ceramicsgranite
91,http://www.moneycontrol.com/india/stockpricequote/powergenerationdistribution/cesc/CES,cesc,CES,powergenerationdistribution
92,http://www.moneycontrol.com/india/stockpricequote/electricals/cromptongreavesconsumerelectrical/CGC01,cromptongreavesconsumerelectrical,CGC01,electricals
93,http://www.moneycontrol.com/india/stockpricequote/electricequipment/cgpowerindustrialsolutions/CG,cgpowerindustrialsolutions,CG,electricequipment
94,http://www.moneycontrol.com/india/stockpricequote/fertilisers/chambalfertiliserschemicals/CFC,chambalfertiliserschemicals,CFC,fertilisers
95,http://www.moneycontrol.com/india/stockpricequote/refineries/chennaipetroleumcorporation/CPC02,chennaipetroleumcorporation,CPC02,refineries
96,http://www.moneycontrol.com/india/stockpricequote/financeleasinghirepurchase/cholamandalaminvestmentfinancecompany/CDB,cholamandalaminvestmentfinancecompany,CDB,financeleasinghirepurchase
97,http://www.moneycontrol.com/india/stockpricequote/pharmaceuticals/cipla/C,cipla,C,pharmaceuticals
98,http://www.moneycontrol.com/india/stockpricequote/banksprivatesector/cityunionbank/CUB,cityunionbank,CUB,banksprivatesector
99,http://www.moneycontrol.com/india/stockpricequote/miningminerals/coalindia/CI11,coalindia,CI11,miningminerals
100,http://www.moneycontrol.com/india/stockpricequote/foodprocessing/coffeedayenterprises/CDE,coffeedayenterprises,CDE,foodprocessing
101,http://www.moneycontrol.com/india/stockpricequote/personalcare/colgatepalmoliveindia/CPI,colgatepalmoliveindia,CPI,personalcare
102,http://www.moneycontrol.com/india/stockpricequote/transportlogistics/containercorporationindia/CCI,containercorporationindia,CCI,transportlogistics
103,http://www.moneycontrol.com/india/stockpricequote/fertilisers/coromandelinternational/CI45,coromandelinternational,CI45,fertilisers
104,http://www.moneycontrol.com/india/stockpricequote/bankspublicsector/corporationbank/CB,corporationbank,CB,bankspublicsector
105,http://www.moneycontrol.com/india/stockpricequote/miscellaneous/coxkings/CK,coxkings,CK,miscellaneous
106,http://www.moneycontrol.com/india/stockpricequote/miscellaneous/crisil/CRI,crisil,CRI,miscellaneous
107,http://www.moneycontrol.com/india/stockpricequote/engines/cumminsindia/CI02,cumminsindia,CI02,engines
108,http://www.moneycontrol.com/india/stockpricequote/computerssoftware/cyient/IE07,cyient,IE07,computerssoftware
109,http://www.moneycontrol.com/india/stockpricequote/personalcare/daburindia/DI,daburindia,DI,personalcare
110,http://www.moneycontrol.com/india/stockpricequote/cementmajor/dalmiabharat/DBE,dalmiabharat,DBE,cementmajor
111,http://www.moneycontrol.com/india/stockpricequote/mediaentertainment/dbcorp/C13,dbcorp,C13,mediaentertainment
112,http://www.moneycontrol.com/india/stockpricequote/banksprivatesector/dcbbank/DCB01,dcbbank,DCB01,banksprivatesector
113,http://www.moneycontrol.com/india/stockpricequote/diversified/dcmshriram/DCM02,dcmshriram,DCM02,diversified
114,http://www.moneycontrol.com/india/stockpricequote/fertilisers/deepakfertilizerspetrochemicalscoprn/DFP,deepakfertilizerspetrochemicalscoprn,DFP,fertilisers
115,http://www.moneycontrol.com/india/stockpricequote/constructioncontractingrealestate/deltacorp/DC11,deltacorp,DC11,constructioncontractingrealestate
116,http://www.moneycontrol.com/india/stockpricequote/mediaentertainment/dennetworks/DN02,dennetworks,DN02,mediaentertainment
117,http://www.moneycontrol.com/india/stockpricequote/bankspublicsector/denabank/DB,denabank,DB,bankspublicsector
118,http://www.moneycontrol.com/india/stockpricequote/financehousing/dewanhousingfinancecorporation/DHF,dewanhousingfinancecorporation,DHF,financehousing
119,http://www.moneycontrol.com/india/stockpricequote/pesticidesagrochemicals/dhanukaagritech/DA01,dhanukaagritech,DA01,pesticidesagrochemicals
120,http://www.moneycontrol.com/india/stockpricequote/constructioncontractingcivil/dilipbuildcon/DB04,dilipbuildcon,DB04,constructioncontractingcivil
121,http://www.moneycontrol.com/india/stockpricequote/mediaentertainment/dishtvindia/DTV,dishtvindia,DTV,mediaentertainment
122,http://www.moneycontrol.com/india/stockpricequote/pharmaceuticals/divislaboratories/DL03,divislaboratories,DL03,pharmaceuticals
123,http://www.moneycontrol.com/india/stockpricequote/constructioncontractingrealestate/dlf/D04,dlf,D04,constructioncontractingrealestate
124,http://www.moneycontrol.com/india/stockpricequote/pharmaceuticals/drlalpathlabs/DLP01,drlalpathlabs,DLP01,pharmaceuticals
125,http://www.moneycontrol.com/india/stockpricequote/pharmaceuticals/drreddyslaboratories/DRL,drreddyslaboratories,DRL,pharmaceuticals
126,http://www.moneycontrol.com/india/stockpricequote/computerssoftwaremediumsmall/eclerxservices/eS06,eclerxservices,eS06,computerssoftwaremediumsmall
127,http://www.moneycontrol.com/india/stockpricequote/financegeneral/edelweissfinancialservices/EC01,edelweissfinancialservices,EC01,financegeneral
128,http://www.moneycontrol.com/india/stockpricequote/autolcvshcvs/eichermotors/EM,eichermotors,EM,autolcvshcvs
129,http://www.moneycontrol.com/india/stockpricequote/sugar/eidparryindia/EID,eidparryindia,EID,sugar
130,http://www.moneycontrol.com/india/stockpricequote/hotels/eih/EIH,eih,EIH,hotels
131,http://www.moneycontrol.com/india/stockpricequote/compressors/elgiequipments/EE01,elgiequipments,EE01,compressors
132,http://www.moneycontrol.com/india/stockpricequote/personalcare/emami/E06,emami,E06,personalcare
133,http://www.moneycontrol.com/india/stockpricequote/auto23wheelers/endurancetechnologies/ET01,endurancetechnologies,ET01,auto23wheelers
134,http://www.moneycontrol.com/india/stockpricequote/infrastructuregeneral/engineersindia/EI14,engineersindia,EI14,infrastructuregeneral
135,http://www.moneycontrol.com/india/stockpricequote/mediaentertainment/entertainmentnetworkindia/ENI,entertainmentnetworkindia,ENI,mediaentertainment
136,http://www.moneycontrol.com/india/stockpricequote/financegeneral/equitasholdings/EH03,equitasholdings,EH03,financegeneral
137,http://www.moneycontrol.com/india/stockpricequote/mediaentertainment/erosinternationalmedia/EIM,erosinternationalmedia,EIM,mediaentertainment
138,http://www.moneycontrol.com/india/stockpricequote/autotractors/escorts/E,escorts,E,autotractors
139,http://www.moneycontrol.com/india/stockpricequote/packaging/esselpropack/EP11,esselpropack,EP11,packaging
140,http://www.moneycontrol.com/india/stockpricequote/drycells/evereadyindustriesindia/EII02,evereadyindustriesindia,EII02,drycells
141,http://www.moneycontrol.com/india/stockpricequote/autoancillaries/exideindustries/EI,exideindustries,EI,autoancillaries
142,http://www.moneycontrol.com/india/stockpricequote/pharmaceuticals/fdc/FDC,fdc,FDC,pharmaceuticals
143,http://www.moneycontrol.com/india/stockpricequote/banksprivatesector/federalbank/FB,federalbank,FB,banksprivatesector
144,http://www.moneycontrol.com/india/stockpricequote/cablestelephone/finolexcables/FC01,finolexcables,FC01,cablestelephone
145,http://www.moneycontrol.com/india/stockpricequote/petrochemicals/finolexindustries/FI,finolexindustries,FI,petrochemicals
146,http://www.moneycontrol.com/india/stockpricequote/computerssoftwaremediumsmall/firstsourcesolutions/FS07,firstsourcesolutions,FS07,computerssoftwaremediumsmall
147,http://www.moneycontrol.com/india/stockpricequote/autolcvshcvs/forcemotors/FM01,forcemotors,FM01,autolcvshcvs
148,http://www.moneycontrol.com/india/stockpricequote/hospitalsmedicalservices/fortishealthcare/FH,fortishealthcare,FH,hospitalsmedicalservices
149,http://www.moneycontrol.com/india/stockpricequote/foodprocessing/futureconsumer/FVI,futureconsumer,FVI,foodprocessing
150,http://www.moneycontrol.com/india/stockpricequote/retail/futurelifestylefashions/FLF01,futurelifestylefashions,FLF01,retail
151,http://www.moneycontrol.com/india/stockpricequote/retail/futureretail/FR,futureretail,FR,retail
152,http://www.moneycontrol.com/india/stockpricequote/oildrillingandexploration/gailindia/GAI,gailindia,GAI,oildrillingandexploration
153,http://www.moneycontrol.com/india/stockpricequote/miscellaneous/gatewaydistriparks/GD01,gatewaydistriparks,GD01,miscellaneous
154,http://www.moneycontrol.com/india/stockpricequote/couriers/gati/G04,gati,G04,couriers
155,http://www.moneycontrol.com/india/stockpricequote/constructioncontractingcivil/gayatriprojects/GP10,gayatriprojects,GP10,constructioncontractingcivil
156,http://www.moneycontrol.com/india/stockpricequote/powertransmissionequipment/gepowerindia/AP29,gepowerindia,AP29,powertransmissionequipment
157,http://www.moneycontrol.com/india/stockpricequote/shipping/greateasternshippingcompany/GES,greateasternshippingcompany,GES,shipping
158,http://www.moneycontrol.com/india/stockpricequote/powertransmissionequipment/getdindia/ATD,getdindia,ATD,powertransmissionequipment
159,http://www.moneycontrol.com/india/stockpricequote/financehousing/gichousingfinance/GIC,gichousingfinance,GIC,financehousing
160,http://www.moneycontrol.com/india/stockpricequote/personalcare/gilletteindia/GI22,gilletteindia,GI22,personalcare
161,http://www.moneycontrol.com/india/stockpricequote/foodprocessing/glaxosmithklineconsumerhealthcare/GSC04,glaxosmithklineconsumerhealthcare,GSC04,foodprocessing
162,http://www.moneycontrol.com/india/stockpricequote/pharmaceuticals/glaxosmithklinepharmaceuticals/GSK,glaxosmithklinepharmaceuticals,GSK,pharmaceuticals
163,http://www.moneycontrol.com/india/stockpricequote/pharmaceuticals/glenmarkpharma/GP08,glenmarkpharma,GP08,pharmaceuticals
164,http://www.moneycontrol.com/india/stockpricequote/infrastructuregeneral/gmrinfrastructure/GI27,gmrinfrastructure,GI27,infrastructuregeneral
165,http://www.moneycontrol.com/india/stockpricequote/fertilisers/gujaratnarmadavalleyfertilizerschemicals/GNV,gujaratnarmadavalleyfertilizerschemicals,GNV,fertilisers
166,http://www.moneycontrol.com/india/stockpricequote/cigarettes/godfreyphillipsindia/GPI,godfreyphillipsindia,GPI,cigarettes
167,http://www.moneycontrol.com/india/stockpricequote/personalcare/godrejconsumerproducts/GCP,godrejconsumerproducts,GCP,personalcare
168,http://www.moneycontrol.com/india/stockpricequote/personalcare/godrejindustries/GI23,godrejindustries,GI23,personalcare
169,http://www.moneycontrol.com/india/stockpricequote/constructioncontractingrealestate/godrejproperties/GP11,godrejproperties,GP11,constructioncontractingrealestate
170,http://www.moneycontrol.com/india/stockpricequote/pharmaceuticals/granulesindia/GI25,granulesindia,GI25,pharmaceuticals
171,http://www.moneycontrol.com/india/stockpricequote/diversified/grasimindustries/GI01,grasimindustries,GI01,diversified
172,http://www.moneycontrol.com/india/stockpricequote/engines/greavescotton/GC20,greavescotton,GC20,engines
173,http://www.moneycontrol.com/india/stockpricequote/miscellaneous/greenplyindustries/GI19,greenplyindustries,GI19,miscellaneous
174,http://www.moneycontrol.com/india/stockpricequote/abrasives/grindwellnorton/GN,grindwellnorton,GN,abrasives
175,http://www.moneycontrol.com/india/stockpricequote/financehousing/gruhfinance/GRU,gruhfinance,GRU,financehousing
176,http://www.moneycontrol.com/india/stockpricequote/fertilisers/gujaratstatefertilizerschemicals/GSF,gujaratstatefertilizerschemicals,GSF,fertilisers
177,http://www.moneycontrol.com/india/stockpricequote/chemicals/gujaratalkalieschemicals/GAC01,gujaratalkalieschemicals,GAC01,chemicals
178,http://www.moneycontrol.com/india/stockpricequote/chemicals/gujaratfluorochemicals/GF07,gujaratfluorochemicals,GF07,chemicals
179,http://www.moneycontrol.com/india/stockpricequote/chemicals/gujaratheavychemicals/GHC,gujaratheavychemicals,GHC,chemicals
180,http://www.moneycontrol.com/india/stockpricequote/miningminerals/gujaratmineraldevelopmentcorporation/GMD,gujaratmineraldevelopmentcorporation,GMD,miningminerals
181,http://www.moneycontrol.com/india/stockpricequote/oildrillingandexploration/gujaratstatepetronet/GSP02,gujaratstatepetronet,GSP02,oildrillingandexploration
182,http://www.moneycontrol.com/india/stockpricequote/oildrillingandexploration/gujaratgas/GGC,gujaratgas,GGC,oildrillingandexploration
183,http://www.moneycontrol.com/india/stockpricequote/shipping/gujaratpipavavport/GPP03,gujaratpipavavport,GPP03,shipping
184,http://www.moneycontrol.com/india/stockpricequote/lubricants/gulfoillubricantsindia/GOL01,gulfoillubricantsindia,GOL01,lubricants
185,http://www.moneycontrol.com/india/stockpricequote/mediaentertainment/hathwaycabledatacom/HCD,hathwaycabledatacom,HCD,mediaentertainment
186,http://www.moneycontrol.com/india/stockpricequote/foodprocessing/hatsunagroproducts/HAP,hatsunagroproducts,HAP,foodprocessing
187,http://www.moneycontrol.com/india/stockpricequote/electricequipment/havellsindia/HI01,havellsindia,HI01,electricequipment
188,http://www.moneycontrol.com/india/stockpricequote/computershardware/hclinfosystems/HCL,hclinfosystems,HCL,computershardware
189,http://www.moneycontrol.com/india/stockpricequote/computerssoftware/hcltechnologies/HCL02,hcltechnologies,HCL02,computerssoftware
190,http://www.moneycontrol.com/india/stockpricequote/financehousing/housingdevelopmentfinancecorporation/HDF,housingdevelopmentfinancecorporation,HDF,financehousing
191,http://www.moneycontrol.com/india/stockpricequote/banksprivatesector/hdfcbank/HDF01,hdfcbank,HDF01,banksprivatesector
192,http://www.moneycontrol.com/india/stockpricequote/constructioncontractingrealestate/housingdevelopmentinfrastructure/HDI,housingdevelopmentinfrastructure,HDI,constructioncontractingrealestate
193,http://www.moneycontrol.com/india/stockpricequote/cementmajor/heidelbergcementindia/HCI02,heidelbergcementindia,HCI02,cementmajor
194,http://www.moneycontrol.com/india/stockpricequote/foodprocessing/heritagefoods/HFI,heritagefoods,HFI,foodprocessing
195,http://www.moneycontrol.com/india/stockpricequote/auto23wheelers/heromotocorp/HHM,heromotocorp,HHM,auto23wheelers
196,http://www.moneycontrol.com/india/stockpricequote/computerssoftware/hexawaretechnologies/HT02,hexawaretechnologies,HT02,computerssoftware
197,http://www.moneycontrol.com/india/stockpricequote/telecommunicationsequipment/himachalfuturisticcommunication/HFC,himachalfuturisticcommunication,HFC,telecommunicationsequipment
198,http://www.moneycontrol.com/india/stockpricequote/textilessyntheticsilk/himatsingkaseide/HS,himatsingkaseide,HS,textilessyntheticsilk
199,http://www.moneycontrol.com/india/stockpricequote/constructioncontractingcivil/hindustanconstructioncompany/HCC,hindustanconstructioncompany,HCC,constructioncontractingcivil
200,http://www.moneycontrol.com/india/stockpricequote/metalsnonferrous/hindustancopper/HC07,hindustancopper,HC07,metalsnonferrous
201,http://www.moneycontrol.com/india/stockpricequote/metalsnonferrous/hindustanzinc/HZ,hindustanzinc,HZ,metalsnonferrous
202,http://www.moneycontrol.com/india/stockpricequote/aluminium/hindalcoindustries/HI,hindalcoindustries,HI,aluminium
203,http://www.moneycontrol.com/india/stockpricequote/telecommunicationsequipment/honeywellautomation/HA04,honeywellautomation,HA04,telecommunicationsequipment
204,http://www.moneycontrol.com/india/stockpricequote/refineries/hindustanpetroleumcorporation/HPC,hindustanpetroleumcorporation,HPC,refineries
205,http://www.moneycontrol.com/india/stockpricequote/ceramicsgranite/hsil/HSI02,hsil,HSI02,ceramicsgranite
206,http://www.moneycontrol.com/india/stockpricequote/personalcare/hindustanunilever/HU,hindustanunilever,HU,personalcare
207,http://www.moneycontrol.com/india/stockpricequote/banksprivatesector/icicibank/ICI02,icicibank,ICI02,banksprivatesector
208,http://www.moneycontrol.com/india/stockpricequote/financegeneral/iciciprudentiallifeinsurancecompany/IPL01,iciciprudentiallifeinsurancecompany,IPL01,financegeneral
209,http://www.moneycontrol.com/india/stockpricequote/miscellaneous/icra/ICR,icra,ICR,miscellaneous
210,http://www.moneycontrol.com/india/stockpricequote/bankspublicsector/idbibank/IDB05,idbibank,IDB05,bankspublicsector
211,http://www.moneycontrol.com/india/stockpricequote/telecommunicationsservice/ideacellular/IC8,ideacellular,IC8,telecommunicationsservice
212,http://www.moneycontrol.com/india/stockpricequote/financetermlendinginstitutions/idfc/IDF,idfc,IDF,financetermlendinginstitutions
213,http://www.moneycontrol.com/india/stockpricequote/banksprivatesector/idfcbank/IDF01,idfcbank,IDF01,banksprivatesector
214,http://www.moneycontrol.com/india/stockpricequote/financetermlendinginstitutions/ifci/IFC02,ifci,IFC02,financetermlendinginstitutions
215,http://www.moneycontrol.com/india/stockpricequote/oildrillingandexploration/indraprasthagas/IG04,indraprasthagas,IG04,oildrillingandexploration
216,http://www.moneycontrol.com/india/stockpricequote/financegeneral/iiflholdings/II15,iiflholdings,II15,financegeneral
217,http://www.moneycontrol.com/india/stockpricequote/infrastructuregeneral/ilandfstransportationnetworks/ITN,ilandfstransportationnetworks,ITN,infrastructuregeneral
218,http://www.moneycontrol.com/india/stockpricequote/cementmajor/indiacements/IC,indiacements,IC,cementmajor
219,http://www.moneycontrol.com/india/stockpricequote/financehousing/indiabullshousingfinance/IHF01,indiabullshousingfinance,IHF01,financehousing
220,http://www.moneycontrol.com/india/stockpricequote/constructioncontractingrealestate/indiabullsrealestate/IRE01,indiabullsrealestate,IRE01,constructioncontractingrealestate
221,http://www.moneycontrol.com/india/stockpricequote/financeinvestments/indiabullsventures/IS13,indiabullsventures,IS13,financeinvestments
222,http://www.moneycontrol.com/india/stockpricequote/bankspublicsector/indianbank/IB04,indianbank,IB04,bankspublicsector
223,http://www.moneycontrol.com/india/stockpricequote/hotels/indianhotelscompany/IHC,indianhotelscompany,IHC,hotels
224,http://www.moneycontrol.com/india/stockpricequote/textilesspinningcottonblended/indocountindustries/ICI07,indocountindustries,ICI07,textilesspinningcottonblended
225,http://www.moneycontrol.com/india/stockpricequote/pharmaceuticals/indocoremedies/IR05,indocoremedies,IR05,pharmaceuticals
226,http://www.moneycontrol.com/india/stockpricequote/banksprivatesector/indusindbank/IIB,indusindbank,IIB,banksprivatesector
227,http://www.moneycontrol.com/india/stockpricequote/miscellaneous/infibeamincorporation/IIL03,infibeamincorporation,IIL03,miscellaneous
228,http://www.moneycontrol.com/india/stockpricequote/miscellaneous/infoedgeindia/IEI01,infoedgeindia,IEI01,miscellaneous
229,http://www.moneycontrol.com/india/stockpricequote/computerssoftware/infosys/IT,infosys,IT,computerssoftware
230,http://www.moneycontrol.com/india/stockpricequote/compressors/ingersollrandindia/IRI01,ingersollrandindia,IRI01,compressors
231,http://www.moneycontrol.com/india/stockpricequote/mediaentertainment/inoxleisure/INO01,inoxleisure,INO01,mediaentertainment
232,http://www.moneycontrol.com/india/stockpricequote/powergenerationdistribution/inoxwind/IW,inoxwind,IW,powergenerationdistribution
233,http://www.moneycontrol.com/india/stockpricequote/computerssoftware/intellectdesignarena/IDA,intellectdesignarena,IDA,computerssoftware
234,http://www.moneycontrol.com/india/stockpricequote/transportlogistics/interglobeaviation/IA04,interglobeaviation,IA04,transportlogistics
235,http://www.moneycontrol.com/india/stockpricequote/bankspublicsector/indianoverseasbank/IOB,indianoverseasbank,IOB,bankspublicsector
236,http://www.moneycontrol.com/india/stockpricequote/refineries/indianoilcorporation/IOC,indianoilcorporation,IOC,refineries
237,http://www.moneycontrol.com/india/stockpricequote/pharmaceuticals/ipcalaboratories/IL,ipcalaboratories,IL,pharmaceuticals
238,http://www.moneycontrol.com/india/stockpricequote/infrastructuregeneral/irbinfrastructuredevelopers/IID01,irbinfrastructuredevelopers,IID01,infrastructuregeneral
239,http://www.moneycontrol.com/india/stockpricequote/engineeringheavy/isgecheavyengineering/SIS06,isgecheavyengineering,SIS06,engineeringheavy
240,http://www.moneycontrol.com/india/stockpricequote/cigarettes/itc/ITC,itc,ITC,cigarettes
241,http://www.moneycontrol.com/india/stockpricequote/constructioncontractingcivil/itdcementationindia/ITD03,itdcementationindia,ITD03,constructioncontractingcivil
242,http://www.moneycontrol.com/india/stockpricequote/constructioncontractingcivil/jkumarinfraprojects/KI01,jkumarinfraprojects,KI01,constructioncontractingcivil
243,http://www.moneycontrol.com/india/stockpricequote/cementmajor/jkcement/JKC03,jkcement,JKC03,cementmajor
244,http://www.moneycontrol.com/india/stockpricequote/mediaentertainment/jagranprakashan/JP12,jagranprakashan,JP12,mediaentertainment
245,http://www.moneycontrol.com/india/stockpricequote/steelgpgcsheets/jaicorp/JC08,jaicorp,JC08,steelgpgcsheets
246,http://www.moneycontrol.com/india/stockpricequote/plastics/jainirrigationsystems/JIS02,jainirrigationsystems,JIS02,plastics
247,http://www.moneycontrol.com/india/stockpricequote/infrastructuregeneral/jaiprakashassociates/JA02,jaiprakashassociates,JA02,infrastructuregeneral
248,http://www.moneycontrol.com/india/stockpricequote/pharmaceuticals/jbchemicalspharmaceuticals/JBC01,jbchemicalspharmaceuticals,JBC01,pharmaceuticals
249,http://www.moneycontrol.com/india/stockpricequote/textilesmanmade/jbfindustries/JBF,jbfindustries,JBF,textilesmanmade
250,http://www.moneycontrol.com/india/stockpricequote/transportlogistics/jetairways/JA01,jetairways,JA01,transportlogistics
251,http://www.moneycontrol.com/india/stockpricequote/steellarge/jindalstainlesshisar/JSH,jindalstainlesshisar,JSH,steellarge
252,http://www.moneycontrol.com/india/stockpricequote/packaging/jindalpolyfilms/JPF01,jindalpolyfilms,JPF01,packaging
253,http://www.moneycontrol.com/india/stockpricequote/steeltubespipes/jindalsaw/JS08,jindalsaw,JS08,steeltubespipes
254,http://www.moneycontrol.com/india/stockpricequote/steelspongeiron/jindalsteelpower/JSP,jindalsteelpower,JSP,steelspongeiron
255,http://www.moneycontrol.com/india/stockpricequote/banksprivatesector/jammukashmirbank/JKB,jammukashmirbank,JKB,banksprivatesector
256,http://www.moneycontrol.com/india/stockpricequote/cementmajor/jklakshmicement/JKL01,jklakshmicement,JKL01,cementmajor
257,http://www.moneycontrol.com/india/stockpricequote/tyres/jktyreindustries/JKT01,jktyreindustries,JKT01,tyres
258,http://www.moneycontrol.com/india/stockpricequote/financeinvestments/jmfinancial/JMF,jmfinancial,JMF,financeinvestments
259,http://www.moneycontrol.com/india/stockpricequote/consumergoodswhitegoods/johnsoncontrolshitachiairconditioningindia/HHL,johnsoncontrolshitachiairconditioningindia,HHL,consumergoodswhitegoods
260,http://www.moneycontrol.com/india/stockpricequote/powergenerationdistribution/jswenergy/JE01,jswenergy,JE01,powergenerationdistribution
261,http://www.moneycontrol.com/india/stockpricequote/steellarge/jswsteel/JSW01,jswsteel,JSW01,steellarge
262,http://www.moneycontrol.com/india/stockpricequote/miscellaneous/jubilantfoodworks/JF04,jubilantfoodworks,JF04,miscellaneous
263,http://www.moneycontrol.com/india/stockpricequote/pharmaceuticals/jubilantlifesciences/JO03,jubilantlifesciences,JO03,pharmaceuticals
264,http://www.moneycontrol.com/india/stockpricequote/miscellaneous/justdial/JD,justdial,JD,miscellaneous
265,http://www.moneycontrol.com/india/stockpricequote/personalcare/jyothylaboratories/JL,jyothylaboratories,JL,personalcare
266,http://www.moneycontrol.com/india/stockpricequote/ceramicsgranite/kajariaceramics/KC06,kajariaceramics,KC06,ceramicsgranite
267,http://www.moneycontrol.com/india/stockpricequote/powertransmissionequipment/kalpatarupowertransmission/KPT,kalpatarupowertransmission,KPT,powertransmissionequipment
268,http://www.moneycontrol.com/india/stockpricequote/paintsvarnishes/kansainerolacpaints/KNP,kansainerolacpaints,KNP,paintsvarnishes
269,http://www.moneycontrol.com/india/stockpricequote/banksprivatesector/karnatakabank/KB04,karnatakabank,KB04,banksprivatesector
270,http://www.moneycontrol.com/india/stockpricequote/miscellaneous/kaveriseedcompany/KSC01,kaveriseedcompany,KSC01,miscellaneous
271,http://www.moneycontrol.com/india/stockpricequote/powertransmissionequipment/kecinternational/KEC04,kecinternational,KEC04,powertransmissionequipment
272,http://www.moneycontrol.com/india/stockpricequote/diversified/kesoramindustries/KI08,kesoramindustries,KI08,diversified
273,http://www.moneycontrol.com/india/stockpricequote/engines/kirloskaroilengines/KOE03,kirloskaroilengines,KOE03,engines
274,http://www.moneycontrol.com/india/stockpricequote/textilesreadymadeapparels/kitexgarments/KG01,kitexgarments,KG01,textilesreadymadeapparels
275,http://www.moneycontrol.com/india/stockpricequote/banksprivatesector/kotakmahindrabank/KMB,kotakmahindrabank,KMB,banksprivatesector
276,http://www.moneycontrol.com/india/stockpricequote/computerssoftwaremediumsmall/kpittechnologies/KPI02,kpittechnologies,KPI02,computerssoftwaremediumsmall
277,http://www.moneycontrol.com/india/stockpricequote/textilesreadymadeapparels/kprmill/M15,kprmill,M15,textilesreadymadeapparels
278,http://www.moneycontrol.com/india/stockpricequote/foodprocessing/krbl/KRB01,krbl,KRB01,foodprocessing
279,http://www.moneycontrol.com/india/stockpricequote/foodprocessing/kwality/KDI01,kwality,KDI01,foodprocessing
280,http://www.moneycontrol.com/india/stockpricequote/financeinvestments/ltfinanceholdings/LFH,ltfinanceholdings,LFH,financeinvestments
281,http://www.moneycontrol.com/india/stockpricequote/computerssoftware/larsentoubroinfotech/LI12,larsentoubroinfotech,LI12,computerssoftware
282,http://www.moneycontrol.com/india/stockpricequote/computerssoftwaremediumsmall/lttechnologyservices/LTS,lttechnologyservices,LTS,computerssoftwaremediumsmall
283,http://www.moneycontrol.com/india/stockpricequote/glassglassproducts/laopalarg/LOR,laopalarg,LOR,glassglassproducts
284,http://www.moneycontrol.com/india/stockpricequote/textilesmachinery/lakshmimachineworks/LMW,lakshmimachineworks,LMW,textilesmachinery
285,http://www.moneycontrol.com/india/stockpricequote/banksprivatesector/lakshmivilasbank/LVB,lakshmivilasbank,LVB,banksprivatesector
286,http://www.moneycontrol.com/india/stockpricequote/infrastructuregeneral/larsentoubro/LT,larsentoubro,LT,infrastructuregeneral
287,http://www.moneycontrol.com/india/stockpricequote/pharmaceuticals/lauruslabs/LL05,lauruslabs,LL05,pharmaceuticals
288,http://www.moneycontrol.com/india/stockpricequote/financehousing/lichousingfinance/LIC,lichousingfinance,LIC,financehousing
289,http://www.moneycontrol.com/india/stockpricequote/chemicals/lindeindia/BOC,lindeindia,BOC,chemicals
290,http://www.moneycontrol.com/india/stockpricequote/pharmaceuticals/lupin/L,lupin,L,pharmaceuticals
291,http://www.moneycontrol.com/india/stockpricequote/autocarsjeeps/mahindramahindra/MM,mahindramahindra,MM,autocarsjeeps
292,http://www.moneycontrol.com/india/stockpricequote/financeleasinghirepurchase/mahindramahindrafinancialservices/MMF04,mahindramahindrafinancialservices,MMF04,financeleasinghirepurchase
293,http://www.moneycontrol.com/india/stockpricequote/financeleasinghirepurchase/magmafincorp/MF20,magmafincorp,MF20,financeleasinghirepurchase
294,http://www.moneycontrol.com/india/stockpricequote/refineries/mahanagargas/MG02,mahanagargas,MG02,refineries
295,http://www.moneycontrol.com/india/stockpricequote/castingsforgings/mahindracieautomotive/MF19,mahindracieautomotive,MF19,castingsforgings
296,http://www.moneycontrol.com/india/stockpricequote/hotels/mahindraholidaysresortsindia/MHR,mahindraholidaysresortsindia,MHR,hotels
297,http://www.moneycontrol.com/india/stockpricequote/constructioncontractingcivil/mahindralifespacedevelopers/MLD,mahindralifespacedevelopers,MLD,constructioncontractingcivil
298,http://www.moneycontrol.com/india/stockpricequote/financeleasinghirepurchase/manappuramfinance/MGF01,manappuramfinance,MGF01,financeleasinghirepurchase
299,http://www.moneycontrol.com/india/stockpricequote/foodprocessing/manpasandbeverages/MB04,manpasandbeverages,MB04,foodprocessing
300,http://www.moneycontrol.com/india/stockpricequote/personalcare/marico/M13,marico,M13,personalcare
301,http://www.moneycontrol.com/india/stockpricequote/pharmaceuticals/marksanspharma/MP21,marksanspharma,MP21,pharmaceuticals
302,http://www.moneycontrol.com/india/stockpricequote/autocarsjeeps/marutisuzukiindia/MS24,marutisuzukiindia,MS24,autocarsjeeps
303,http://www.moneycontrol.com/india/stockpricequote/financeinvestments/maxfinancialservices/MI,maxfinancialservices,MI,financeinvestments
304,http://www.moneycontrol.com/india/stockpricequote/miscellaneous/maxindia/MIL16,maxindia,MIL16,miscellaneous
305,http://www.moneycontrol.com/india/stockpricequote/plantationsteacoffee/mcleodrusselindia/MRI02,mcleodrusselindia,MRI02,plantationsteacoffee
306,http://www.moneycontrol.com/india/stockpricequote/miscellaneous/multicommodityexchangeindia/MCE,multicommodityexchangeindia,MCE,miscellaneous
307,http://www.moneycontrol.com/india/stockpricequote/autoancillaries/mindaindustries/MI4,mindaindustries,MI4,autoancillaries
308,http://www.moneycontrol.com/india/stockpricequote/computerssoftware/mindtree/MT13,mindtree,MT13,computerssoftware
309,http://www.moneycontrol.com/india/stockpricequote/trading/mmtc/MMT,mmtc,MMT,trading
310,http://www.moneycontrol.com/india/stockpricequote/miningminerals/moil/M18,moil,M18,miningminerals
311,http://www.moneycontrol.com/india/stockpricequote/pesticidesagrochemicals/monsantoindia/MI39,monsantoindia,MI39,pesticidesagrochemicals
312,http://www.moneycontrol.com/india/stockpricequote/autoancillaries/mothersonsumisystems/MSS01,mothersonsumisystems,MSS01,autoancillaries
313,http://www.moneycontrol.com/india/stockpricequote/financegeneral/motilaloswalfinancialservices/MOF01,motilaloswalfinancialservices,MOF01,financegeneral
314,http://www.moneycontrol.com/india/stockpricequote/computerssoftware/mphasis/MB02,mphasis,MB02,computerssoftware
315,http://www.moneycontrol.com/india/stockpricequote/tyres/mrf/MRF,mrf,MRF,tyres
316,http://www.moneycontrol.com/india/stockpricequote/refineries/mangalorerefinerypetrochemicals/MRP,mangalorerefinerypetrochemicals,MRP,refineries
317,http://www.moneycontrol.com/india/stockpricequote/telecommunicationsservice/mahanagartelephonenigam/MTN,mahanagartelephonenigam,MTN,telecommunicationsservice
318,http://www.moneycontrol.com/india/stockpricequote/financeinvestments/muthootfinance/MF10,muthootfinance,MF10,financeinvestments
319,http://www.moneycontrol.com/india/stockpricequote/aluminium/nationalaluminiumcompany/NAC,nationalaluminiumcompany,NAC,aluminium
320,http://www.moneycontrol.com/india/stockpricequote/hospitalsmedicalservices/narayanahrudayalaya/NH,narayanahrudayalaya,NH,hospitalsmedicalservices
321,http://www.moneycontrol.com/india/stockpricequote/pharmaceuticals/natcopharma/NP07,natcopharma,NP07,pharmaceuticals
322,http://www.moneycontrol.com/india/stockpricequote/diversified/navabharatventures/NBV,navabharatventures,NBV,diversified
323,http://www.moneycontrol.com/india/stockpricequote/chemicals/navinfluorineinternational/NFI,navinfluorineinternational,NFI,chemicals
324,http://www.moneycontrol.com/india/stockpricequote/transportlogistics/navkarcorporation/NC02,navkarcorporation,NC02,transportlogistics
325,http://www.moneycontrol.com/india/stockpricequote/printingstationery/navneeteducation/NP01,navneeteducation,NP01,printingstationery
326,http://www.moneycontrol.com/india/stockpricequote/infrastructuregeneral/nbccindia/NBC01,nbccindia,NBC01,infrastructuregeneral
327,http://www.moneycontrol.com/india/stockpricequote/constructioncontractingcivil/ncc/NCC01,ncc,NCC01,constructioncontractingcivil
328,http://www.moneycontrol.com/india/stockpricequote/foodprocessing/nestleindia/NI,nestleindia,NI,foodprocessing
329,http://www.moneycontrol.com/india/stockpricequote/financegeneral/network18mediainvestments/NMI,network18mediainvestments,NMI,financegeneral
330,http://www.moneycontrol.com/india/stockpricequote/powergenerationdistribution/nhpc/N07,nhpc,N07,powergenerationdistribution
331,http://www.moneycontrol.com/india/stockpricequote/computerssoftwaretraining/niit/NII,niit,NII,computerssoftwaretraining
332,http://www.moneycontrol.com/india/stockpricequote/computerssoftware/niittechnologies/NII02,niittechnologies,NII02,computerssoftware
333,http://www.moneycontrol.com/india/stockpricequote/plastics/nilkamal/NP08,nilkamal,NP08,plastics
334,http://www.moneycontrol.com/india/stockpricequote/powergenerationdistribution/nlcindia/NLC,nlcindia,NLC,powergenerationdistribution
335,http://www.moneycontrol.com/india/stockpricequote/miningminerals/nmdc/NMD02,nmdc,NMD02,miningminerals
336,http://www.moneycontrol.com/india/stockpricequote/powergenerationdistribution/ntpc/NTP,ntpc,NTP,powergenerationdistribution
337,http://www.moneycontrol.com/india/stockpricequote/constructioncontractingrealestate/oberoirealty/OR,oberoirealty,OR,constructioncontractingrealestate
338,http://www.moneycontrol.com/india/stockpricequote/cementmajor/oclindia/OCL,oclindia,OCL,cementmajor
339,http://www.moneycontrol.com/india/stockpricequote/oildrillingandexploration/oilindia/OI13,oilindia,OI13,oildrillingandexploration
340,http://www.moneycontrol.com/india/stockpricequote/constructioncontractingrealestate/omaxe/O02,omaxe,O02,constructioncontractingrealestate
341,http://www.moneycontrol.com/india/stockpricequote/oildrillingandexploration/oilnaturalgascorporation/ONG,oilnaturalgascorporation,ONG,oildrillingandexploration
342,http://www.moneycontrol.com/india/stockpricequote/computerssoftware/oraclefinancialservicessoftware/OFS01,oraclefinancialservicessoftware,OFS01,computerssoftware
343,http://www.moneycontrol.com/india/stockpricequote/cementmajor/orientcement/OC10,orientcement,OC10,cementmajor
344,http://www.moneycontrol.com/india/stockpricequote/bankspublicsector/orientalbankcommerce/OBC,orientalbankcommerce,OBC,bankspublicsector
345,http://www.moneycontrol.com/india/stockpricequote/personalcare/proctergamblehygienehealthcare/PGH,proctergamblehygienehealthcare,PGH,personalcare
346,http://www.moneycontrol.com/india/stockpricequote/textilesreadymadeapparels/pageindustries/PI35,pageindustries,PI35,textilesreadymadeapparels
347,http://www.moneycontrol.com/india/stockpricequote/foodprocessing/paragmilkfoods/PMF01,paragmilkfoods,PMF01,foodprocessing
348,http://www.moneycontrol.com/india/stockpricequote/diamondcuttingjewellerypreciousmetals/pcjeweller/PJ,pcjeweller,PJ,diamondcuttingjewellerypreciousmetals
349,http://www.moneycontrol.com/india/stockpricequote/computerssoftware/persistentsystems/PS15,persistentsystems,PS15,computerssoftware
350,http://www.moneycontrol.com/india/stockpricequote/oildrillingandexploration/petronetlng/PLN,petronetlng,PLN,oildrillingandexploration
351,http://www.moneycontrol.com/india/stockpricequote/pharmaceuticals/pfizer/P,pfizer,P,pharmaceuticals
352,http://www.moneycontrol.com/india/stockpricequote/constructioncontractingrealestate/phoenixmills/PM02,phoenixmills,PM02,constructioncontractingrealestate
353,http://www.moneycontrol.com/india/stockpricequote/pesticidesagrochemicals/piindustries/PII,piindustries,PII,pesticidesagrochemicals
354,http://www.moneycontrol.com/india/stockpricequote/chemicals/pidiliteindustries/PI11,pidiliteindustries,PI11,chemicals
355,http://www.moneycontrol.com/india/stockpricequote/pharmaceuticals/piramalenterprises/PH05,piramalenterprises,PH05,pharmaceuticals
356,http://www.moneycontrol.com/india/stockpricequote/bankspublicsector/punjabnationalbank/PNB05,punjabnationalbank,PNB05,bankspublicsector
357,http://www.moneycontrol.com/india/stockpricequote/financehousing/pnbhousingfinance/PHF,pnbhousingfinance,PHF,financehousing
358,http://www.moneycontrol.com/india/stockpricequote/constructioncontractingrealestate/pncinfratech/PI26,pncinfratech,PI26,constructioncontractingrealestate
359,http://www.moneycontrol.com/india/stockpricequote/computerssoftware/polarisconsultingservices/PSL01,polarisconsultingservices,PSL01,computerssoftware
360,http://www.moneycontrol.com/india/stockpricequote/financetermlendinginstitutions/powerfinancecorporation/PFC02,powerfinancecorporation,PFC02,financetermlendinginstitutions
361,http://www.moneycontrol.com/india/stockpricequote/powergenerationdistribution/powergridcorporationindia/PGC,powergridcorporationindia,PGC,powergenerationdistribution
362,http://www.moneycontrol.com/india/stockpricequote/engineeringheavy/prajindustries/PI17,prajindustries,PI17,engineeringheavy
363,http://www.moneycontrol.com/india/stockpricequote/constructioncontractingrealestate/prestigeestatesprojects/PEP02,prestigeestatesprojects,PEP02,constructioncontractingrealestate
364,http://www.moneycontrol.com/india/stockpricequote/cementmajor/prismjohnson/PC,prismjohnson,PC,cementmajor
365,http://www.moneycontrol.com/india/stockpricequote/trading/ptcindia/PTC02,ptcindia,PTC02,trading
366,http://www.moneycontrol.com/india/stockpricequote/financetermlendinginstitutions/ptcindiafinancialservices/PIF02,ptcindiafinancialservices,PIF02,financetermlendinginstitutions
367,http://www.moneycontrol.com/india/stockpricequote/mediaentertainment/pvr/PVR,pvr,PVR,mediaentertainment
368,http://www.moneycontrol.com/india/stockpricequote/breweriesdistilleries/radicokhaitan/RK01,radicokhaitan,RK01,breweriesdistilleries
369,http://www.moneycontrol.com/india/stockpricequote/cementmajor/rainindustries/RC12,rainindustries,RC12,cementmajor
370,http://www.moneycontrol.com/india/stockpricequote/diamondcuttingjewellerypreciousmetals/rajeshexports/RE07,rajeshexports,RE07,diamondcuttingjewellerypreciousmetals
371,http://www.moneycontrol.com/india/stockpricequote/pesticidesagrochemicals/rallisindia/RI03,rallisindia,RI03,pesticidesagrochemicals
372,http://www.moneycontrol.com/india/stockpricequote/cementmajor/theramcocements/MC,theramcocements,MC,cementmajor
373,http://www.moneycontrol.com/india/stockpricequote/fertilisers/rashtriyachemicalsfertilisers/RCF01,rashtriyachemicalsfertilisers,RCF01,fertilisers
374,http://www.moneycontrol.com/india/stockpricequote/steeltubespipes/ratnamanimetalstubes/RMT,ratnamanimetalstubes,RMT,steeltubespipes
375,http://www.moneycontrol.com/india/stockpricequote/powergenerationdistribution/rattanindiapower/IP09,rattanindiapower,IP09,powergenerationdistribution
376,http://www.moneycontrol.com/india/stockpricequote/textileswoollenworsted/raymond/R,raymond,R,textileswoollenworsted
377,http://www.moneycontrol.com/india/stockpricequote/banksprivatesector/rblbank/RB03,rblbank,RB03,banksprivatesector
378,http://www.moneycontrol.com/india/stockpricequote/financetermlendinginstitutions/ruralelectrificationcorporation/REC02,ruralelectrificationcorporation,REC02,financetermlendinginstitutions
379,http://www.moneycontrol.com/india/stockpricequote/computershardware/redingtonindia/RI37,redingtonindia,RI37,computershardware
380,http://www.moneycontrol.com/india/stockpricequote/financeinvestments/reliancecapital/RC,reliancecapital,RC,financeinvestments
381,http://www.moneycontrol.com/india/stockpricequote/leatherproducts/relaxofootwears/RF07,relaxofootwears,RF07,leatherproducts
382,http://www.moneycontrol.com/india/stockpricequote/refineries/relianceindustries/RI,relianceindustries,RI,refineries
383,http://www.moneycontrol.com/india/stockpricequote/telecommunicationsservice/reliancecommunications/RC13,reliancecommunications,RC13,telecommunicationsservice
384,http://www.moneycontrol.com/india/stockpricequote/powergenerationdistribution/relianceinfrastructure/RI38,relianceinfrastructure,RI38,powergenerationdistribution
385,http://www.moneycontrol.com/india/stockpricequote/shipping/reliancenavalengineering/PS04,reliancenavalengineering,PS04,shipping
386,http://www.moneycontrol.com/india/stockpricequote/powergenerationdistribution/reliancepower/RP,reliancepower,RP,powergenerationdistribution
387,http://www.moneycontrol.com/india/stockpricequote/financeinvestments/religareenterprises/RE09,religareenterprises,RE09,financeinvestments
388,http://www.moneycontrol.com/india/stockpricequote/financehousing/repcohomefinance/RHF,repcohomefinance,RHF,financehousing
389,http://www.moneycontrol.com/india/stockpricequote/computerssoftware/roltaindia/RI15,roltaindia,RI15,computerssoftware
390,http://www.moneycontrol.com/india/stockpricequote/chemicals/shkelkarcompany/KC17,shkelkarcompany,KC17,chemicals
391,http://www.moneycontrol.com/india/stockpricequote/infrastructuregeneral/sadbhavengineering/SE19,sadbhavengineering,SE19,infrastructuregeneral
392,http://www.moneycontrol.com/india/stockpricequote/steellarge/steelauthorityindia/SAI,steelauthorityindia,SAI,steellarge
393,http://www.moneycontrol.com/india/stockpricequote/pharmaceuticals/sanofiindia/AP26,sanofiindia,AP26,pharmaceuticals
394,http://www.moneycontrol.com/india/stockpricequote/bankspublicsector/statebankindia/SBI,statebankindia,SBI,bankspublicsector
395,http://www.moneycontrol.com/india/stockpricequote/bearings/schaefflerindia/FAG,schaefflerindia,FAG,bearings
396,http://www.moneycontrol.com/india/stockpricequote/powergenerationdistribution/schneiderelectricinfrastructure/SEI04,schneiderelectricinfrastructure,SEI04,powergenerationdistribution
397,http://www.moneycontrol.com/india/stockpricequote/pharmaceuticals/sequentscientific/PID01,sequentscientific,PID01,pharmaceuticals
398,http://www.moneycontrol.com/india/stockpricequote/pesticidesagrochemicals/shardacropchem/SC04,shardacropchem,SC04,pesticidesagrochemicals
399,http://www.moneycontrol.com/india/stockpricequote/miscellaneous/sheelafoam/SF14,sheelafoam,SF14,miscellaneous
400,http://www.moneycontrol.com/india/stockpricequote/pharmaceuticals/shilpamedicare/SM19,shilpamedicare,SM19,pharmaceuticals
401,http://www.moneycontrol.com/india/stockpricequote/shipping/shippingcorporationindia/SCI,shippingcorporationindia,SCI,shipping
402,http://www.moneycontrol.com/india/stockpricequote/retail/shoppersstop/SS51,shoppersstop,SS51,retail
403,http://www.moneycontrol.com/india/stockpricequote/cementmajor/shreecements/SC12,shreecements,SC12,cementmajor
404,http://www.moneycontrol.com/india/stockpricequote/sugar/shreerenukasugars/SRS03,shreerenukasugars,SRS03,sugar
405,http://www.moneycontrol.com/india/stockpricequote/financeleasinghirepurchase/shriramcityunionfinance/SCU,shriramcityunionfinance,SCU,financeleasinghirepurchase
406,http://www.moneycontrol.com/india/stockpricequote/financeleasinghirepurchase/shriramtransportfinancecorporation/STF,shriramtransportfinancecorporation,STF,financeleasinghirepurchase
407,http://www.moneycontrol.com/india/stockpricequote/infrastructuregeneral/siemens/S,siemens,S,infrastructuregeneral
408,http://www.moneycontrol.com/india/stockpricequote/mediaentertainment/sitinetworks/WWI,sitinetworks,WWI,mediaentertainment
409,http://www.moneycontrol.com/india/stockpricequote/powergenerationdistribution/sjvn/S11,sjvn,S11,powergenerationdistribution
410,http://www.moneycontrol.com/india/stockpricequote/bearings/skfindia/SKF01,skfindia,SKF01,bearings
411,http://www.moneycontrol.com/india/stockpricequote/autolcvshcvs/smlisuzu/SM,smlisuzu,SM,autolcvshcvs
412,http://www.moneycontrol.com/india/stockpricequote/constructioncontractingrealestate/sobha/SD6,sobha,SD6,constructioncontractingrealestate
413,http://www.moneycontrol.com/india/stockpricequote/chemicals/solarindustriesindia/SII04,solarindustriesindia,SII04,chemicals
414,http://www.moneycontrol.com/india/stockpricequote/ceramicsgranite/somanyceramics/SC49,somanyceramics,SC49,ceramicsgranite
415,http://www.moneycontrol.com/india/stockpricequote/computerssoftwaremediumsmall/sonatasoftware/SS42,sonatasoftware,SS42,computerssoftwaremediumsmall
416,http://www.moneycontrol.com/india/stockpricequote/banksprivatesector/southindianbank/SIB,southindianbank,SIB,banksprivatesector
417,http://www.moneycontrol.com/india/stockpricequote/transportlogistics/spicejet/SJ01,spicejet,SJ01,transportlogistics
418,http://www.moneycontrol.com/india/stockpricequote/financeleasinghirepurchase/sreiinfrastructurefinance/SRE02,sreiinfrastructurefinance,SRE02,financeleasinghirepurchase
419,http://www.moneycontrol.com/india/stockpricequote/textilesmanmade/srf/SRF,srf,SRF,textilesmanmade
420,http://www.moneycontrol.com/india/stockpricequote/cablestelephone/sterlitetechnologies/ST20,sterlitetechnologies,ST20,cablestelephone
421,http://www.moneycontrol.com/india/stockpricequote/pharmaceuticals/stridesshasun/SA10,stridesshasun,SA10,pharmaceuticals
422,http://www.moneycontrol.com/india/stockpricequote/dyespigments/sudarshanchemicalindustries/SCI08,sudarshanchemicalindustries,SCI08,dyespigments
423,http://www.moneycontrol.com/india/stockpricequote/pharmaceuticals/sunpharmaceuticalindustries/SPI,sunpharmaceuticalindustries,SPI,pharmaceuticals
424,http://www.moneycontrol.com/india/stockpricequote/pharmaceuticals/sunpharmaadvancedresearchcompany/SPA,sunpharmaadvancedresearchcompany,SPA,pharmaceuticals
425,http://www.moneycontrol.com/india/stockpricequote/mediaentertainment/suntvnetwork/STN01,suntvnetwork,STN01,mediaentertainment
426,http://www.moneycontrol.com/india/stockpricequote/fasteners/sundramfasteners/SF23,sundramfasteners,SF23,fasteners
427,http://www.moneycontrol.com/india/stockpricequote/constructioncontractingrealestate/sunteckrealty/SR05,sunteckrealty,SR05,constructioncontractingrealestate
428,http://www.moneycontrol.com/india/stockpricequote/plastics/supremeindustries/SI48,supremeindustries,SI48,plastics
429,http://www.moneycontrol.com/india/stockpricequote/pharmaceuticals/suvenlifesciences/SLS01,suvenlifesciences,SLS01,pharmaceuticals
430,http://www.moneycontrol.com/india/stockpricequote/powergenerationdistribution/suzlonenergy/SE17,suzlonenergy,SE17,powergenerationdistribution
431,http://www.moneycontrol.com/india/stockpricequote/trading/swanenergy/SM09,swanenergy,SM09,trading
432,http://www.moneycontrol.com/india/stockpricequote/consumergoodswhitegoods/symphony/SCS04,symphony,SCS04,consumergoodswhitegoods
433,http://www.moneycontrol.com/india/stockpricequote/bankspublicsector/syndicatebank/SB9,syndicatebank,SB9,bankspublicsector
434,http://www.moneycontrol.com/india/stockpricequote/miscellaneous/syngeneinternational/SI10,syngeneinternational,SI10,miscellaneous
435,http://www.moneycontrol.com/india/stockpricequote/computerssoftwaremediumsmall/takesolutions/TS09,takesolutions,TS09,computerssoftwaremediumsmall
436,http://www.moneycontrol.com/india/stockpricequote/paper/tamilnadunewsprintpapers/TNN,tamilnadunewsprintpapers,TNN,paper
437,http://www.moneycontrol.com/india/stockpricequote/chemicals/tatachemicals/TC,tatachemicals,TC,chemicals
438,http://www.moneycontrol.com/india/stockpricequote/plantationsteacoffee/tatacoffee/TC14,tatacoffee,TC14,plantationsteacoffee
439,http://www.moneycontrol.com/india/stockpricequote/telecommunicationsservice/tatacommunications/TC17,tatacommunications,TC17,telecommunicationsservice
440,http://www.moneycontrol.com/india/stockpricequote/computerssoftware/tataelxsi/TE,tataelxsi,TE,computerssoftware
441,http://www.moneycontrol.com/india/stockpricequote/plantationsteacoffee/tataglobalbeverage/TT,tataglobalbeverage,TT,plantationsteacoffee
442,http://www.moneycontrol.com/india/stockpricequote/financeinvestments/tatainvestmentcorporation/TIC,tatainvestmentcorporation,TIC,financeinvestments
443,http://www.moneycontrol.com/india/stockpricequote/autolcvshcvs/tatamotors/TM03,tatamotors,TM03,autolcvshcvs
444,http://www.moneycontrol.com/india/stockpricequote/autolcvshcvs/tatamotorsdvr/TMD,tatamotorsdvr,TMD,autolcvshcvs
445,http://www.moneycontrol.com/india/stockpricequote/powergenerationdistribution/tatapowercompany/TPC,tatapowercompany,TPC,powergenerationdistribution
446,http://www.moneycontrol.com/india/stockpricequote/steelspongeiron/tataspongeiron/TSI,tataspongeiron,TSI,steelspongeiron
447,http://www.moneycontrol.com/india/stockpricequote/steellarge/tatasteel/TIS,tatasteel,TIS,steellarge
448,http://www.moneycontrol.com/india/stockpricequote/computerssoftware/tataconsultancyservices/TCS,tataconsultancyservices,TCS,computerssoftware
449,http://www.moneycontrol.com/india/stockpricequote/computerssoftware/techmahindra/TM4,techmahindra,TM4,computerssoftware
450,http://www.moneycontrol.com/india/stockpricequote/electricequipment/technoelectricengineeringcompany/TEE,technoelectricengineeringcompany,TEE,electricequipment
451,http://www.moneycontrol.com/india/stockpricequote/infrastructuregeneral/texmacorailengineering/TRE,texmacorailengineering,TRE,infrastructuregeneral
452,http://www.moneycontrol.com/india/stockpricequote/infrastructuregeneral/thermax/T,thermax,T,infrastructuregeneral
453,http://www.moneycontrol.com/india/stockpricequote/miscellaneous/thomascookindia/TCI,thomascookindia,TCI,miscellaneous
454,http://www.moneycontrol.com/india/stockpricequote/hospitalsmedicalservices/thyrocaretechnologies/TT16,thyrocaretechnologies,TT16,hospitalsmedicalservices
455,http://www.moneycontrol.com/india/stockpricequote/miscellaneous/tifinancialholdings/TII,tifinancialholdings,TII,miscellaneous
456,http://www.moneycontrol.com/india/stockpricequote/bearings/timkenindia/TI23,timkenindia,TI23,bearings
457,http://www.moneycontrol.com/india/stockpricequote/infrastructuregeneral/titagarhwagons/TW04,titagarhwagons,TW04,infrastructuregeneral
458,http://www.moneycontrol.com/india/stockpricequote/miscellaneous/titancompany/TI01,titancompany,TI01,miscellaneous
459,http://www.moneycontrol.com/india/stockpricequote/pharmaceuticals/torrentpharmaceuticals/TP06,torrentpharmaceuticals,TP06,pharmaceuticals
460,http://www.moneycontrol.com/india/stockpricequote/powergenerationdistribution/torrentpower/TP14,torrentpower,TP14,powergenerationdistribution
461,http://www.moneycontrol.com/india/stockpricequote/retail/trent/T04,trent,T04,retail
462,http://www.moneycontrol.com/india/stockpricequote/textilesspinningcottonblended/trident/AI01,trident,AI01,textilesspinningcottonblended
463,http://www.moneycontrol.com/india/stockpricequote/electricequipment/triveniturbine/TT14,triveniturbine,TT14,electricequipment
464,http://www.moneycontrol.com/india/stockpricequote/domesticappliances/ttkprestige/TTK02,ttkprestige,TTK02,domesticappliances
465,http://www.moneycontrol.com/india/stockpricequote/mediaentertainment/tvtodaynetwork/TVT,tvtodaynetwork,TVT,mediaentertainment
466,http://www.moneycontrol.com/india/stockpricequote/mediaentertainment/tv18broadcast/IBN,tv18broadcast,IBN,mediaentertainment
467,http://www.moneycontrol.com/india/stockpricequote/auto23wheelers/tvsmotorcompany/TVS,tvsmotorcompany,TVS,auto23wheelers
468,http://www.moneycontrol.com/india/stockpricequote/tyres/tvssrichakra/TVS03,tvssrichakra,TVS03,tyres
469,http://www.moneycontrol.com/india/stockpricequote/bankspublicsector/ucobank/UCO,ucobank,UCO,bankspublicsector
470,http://www.moneycontrol.com/india/stockpricequote/packaging/uflex/U01,uflex,U01,packaging
471,http://www.moneycontrol.com/india/stockpricequote/financegeneral/ujjivanfinancialservices/UFS01,ujjivanfinancialservices,UFS01,financegeneral
472,http://www.moneycontrol.com/india/stockpricequote/cementmajor/ultratechcement/UTC01,ultratechcement,UTC01,cementmajor
473,http://www.moneycontrol.com/india/stockpricequote/pharmaceuticals/unichemlaboratories/UL02,unichemlaboratories,UL02,pharmaceuticals
474,http://www.moneycontrol.com/india/stockpricequote/bankspublicsector/unionbankindia/UBI01,unionbankindia,UBI01,bankspublicsector
475,http://www.moneycontrol.com/india/stockpricequote/constructioncontractingcivil/unitech/U,unitech,U,constructioncontractingcivil
476,http://www.moneycontrol.com/india/stockpricequote/breweriesdistilleries/unitedbreweries/UB02,unitedbreweries,UB02,breweriesdistilleries
477,http://www.moneycontrol.com/india/stockpricequote/chemicals/upl/UP04,upl,UP04,chemicals
478,http://www.moneycontrol.com/india/stockpricequote/electricequipment/vguardindustries/VI02,vguardindustries,VI02,electricequipment
479,http://www.moneycontrol.com/india/stockpricequote/infrastructuregeneral/vatechwabag/VTW,vatechwabag,VTW,infrastructuregeneral
480,http://www.moneycontrol.com/india/stockpricequote/computerssoftwaremediumsmall/vakrangee/VS,vakrangee,VS,computerssoftwaremediumsmall
481,http://www.moneycontrol.com/india/stockpricequote/textilesspinningcottonblended/vardhmantextiles/VT10,vardhmantextiles,VT10,textilesspinningcottonblended
482,http://www.moneycontrol.com/india/stockpricequote/foodprocessing/varunbeverages/VB05,varunbeverages,VB05,foodprocessing
483,http://www.moneycontrol.com/india/stockpricequote/miningminerals/vedanta/SG,vedanta,SG,miningminerals
484,http://www.moneycontrol.com/india/stockpricequote/consumergoodselectronic/videoconindustries/VLF,videoconindustries,VLF,consumergoodselectronic
485,http://www.moneycontrol.com/india/stockpricequote/bankspublicsector/vijayabank/VB03,vijayabank,VB03,bankspublicsector
486,http://www.moneycontrol.com/india/stockpricequote/chemicals/vinatiorganics/VO01,vinatiorganics,VO01,chemicals
487,http://www.moneycontrol.com/india/stockpricequote/plastics/vipindustries/VIP,vipindustries,VIP,plastics
488,http://www.moneycontrol.com/india/stockpricequote/diversified/voltas/V,voltas,V,diversified
489,http://www.moneycontrol.com/india/stockpricequote/cigarettes/vstindustries/VST,vstindustries,VST,cigarettes
490,http://www.moneycontrol.com/india/stockpricequote/autoancillaries/wabcoindia/WAB,wabcoindia,WAB,autoancillaries
491,http://www.moneycontrol.com/india/stockpricequote/steeltubespipes/welspuncorp/WGS,welspuncorp,WGS,steeltubespipes
492,http://www.moneycontrol.com/india/stockpricequote/textilesweaving/welspunindia/WI03,welspunindia,WI03,textilesweaving
493,http://www.moneycontrol.com/india/stockpricequote/hotels/westlifedevelopment/DIC,westlifedevelopment,DIC,hotels
494,http://www.moneycontrol.com/india/stockpricequote/consumergoodswhitegoods/whirlpoolindia/WI,whirlpoolindia,WI,consumergoodswhitegoods
495,http://www.moneycontrol.com/india/stockpricequote/computerssoftware/wipro/W,wipro,W,computerssoftware
496,http://www.moneycontrol.com/india/stockpricequote/pharmaceuticals/wockhardt/W05,wockhardt,W05,pharmaceuticals
497,http://www.moneycontrol.com/india/stockpricequote/miscellaneous/wonderlaholidays/WH01,wonderlaholidays,WH01,miscellaneous
498,http://www.moneycontrol.com/india/stockpricequote/banksprivatesector/yesbank/YB,yesbank,YB,banksprivatesector
499,http://www.moneycontrol.com/india/stockpricequote/mediaentertainment/zeeentertainmententerprises/ZEE,zeeentertainmententerprises,ZEE,mediaentertainment
500,http://www.moneycontrol.com/india/stockpricequote/computerssoftware/zensartechnologies/ZT02,zensartechnologies,ZT02,computerssoftware
